id,f,i,o1,Sporer,Kaylin,Miss2,Dickinson,Herbert,Ms.3,Powlowski,Arnulfo,Ms.4,Tromp,Alanna,Mrs.5,Gutkowski,Mireya,Miss6,Lakin,Delmer,Ms.7,Boyle,Jena,Ms.8,Fahey,Kristopher,Mrs.9,Reinger,Lelah,Mr.10,Shields,Aletha,Mrs.11,Sporer,Kaylin,Miss12,Dickinson,Herbert,Ms.13,Powlowski,Arnulfo,Ms.14,Tromp,Alanna,Mrs.15,Gutkowski,Mireya,Miss16,Lakin,Delmer,Ms.17,Boyle,Jena,Ms.18,Fahey,Kristopher,Mrs.19,Reinger,Lelah,Mr.20,Shields,Aletha,Mrs.21,Sporer,Kaylin,Miss22,Dickinson,Herbert,Ms.23,Powlowski,Arnulfo,Ms.24,Tromp,Alanna,Mrs.25,Gutkowski,Mireya,Miss26,Lakin,Delmer,Ms.27,Boyle,Jena,Ms.28,Fahey,Kristopher,Mrs.29,Reinger,Lelah,Mr.30,Shields,Aletha,Mrs.31,Sporer,Kaylin,Miss32,Dickinson,Herbert,Ms.33,Powlowski,Arnulfo,Ms.34,Tromp,Alanna,Mrs.35,Gutkowski,Mireya,Miss36,Lakin,Delmer,Ms.37,Boyle,Jena,Ms.38,Fahey,Kristopher,Mrs.39,Reinger,Lelah,Mr.40,Shields,Aletha,Mrs.41,Sporer,Kaylin,Miss42,Dickinson,Herbert,Ms.43,Powlowski,Arnulfo,Ms.44,Tromp,Alanna,Mrs.45,Gutkowski,Mireya,Miss46,Lakin,Delmer,Ms.47,Boyle,Jena,Ms.48,Fahey,Kristopher,Mrs.49,Reinger,Lelah,Mr.50,Shields,Aletha,Mrs.51,Sporer,Kaylin,Miss52,Dickinson,Herbert,Ms.53,Powlowski,Arnulfo,Ms.54,Tromp,Alanna,Mrs.55,Gutkowski,Mireya,Miss56,Lakin,Delmer,Ms.57,Boyle,Jena,Ms.58,Fahey,Kristopher,Mrs.59,Reinger,Lelah,Mr.60,Shields,Aletha,Mrs.61,Sporer,Kaylin,Miss62,Dickinson,Herbert,Ms.63,Powlowski,Arnulfo,Ms.64,Tromp,Alanna,Mrs.65,Gutkowski,Mireya,Miss66,Lakin,Delmer,Ms.67,Boyle,Jena,Ms.68,Fahey,Kristopher,Mrs.69,Reinger,Lelah,Mr.70,Shields,Aletha,Mrs.71,Sporer,Kaylin,Miss72,Dickinson,Herbert,Ms.73,Powlowski,Arnulfo,Ms.74,Tromp,Alanna,Mrs.75,Gutkowski,Mireya,Miss76,Lakin,Delmer,Ms.77,Boyle,Jena,Ms.78,Fahey,Kristopher,Mrs.79,Reinger,Lelah,Mr.80,Shields,Aletha,Mrs.81,Sporer,Kaylin,Miss82,Dickinson,Herbert,Ms.83,Powlowski,Arnulfo,Ms.84,Tromp,Alanna,Mrs.85,Gutkowski,Mireya,Miss86,Lakin,Delmer,Ms.87,Boyle,Jena,Ms.88,Fahey,Kristopher,Mrs.89,Reinger,Lelah,Mr.90,Shields,Aletha,Mrs.91,Sporer,Kaylin,Miss92,Dickinson,Herbert,Ms.93,Powlowski,Arnulfo,Ms.94,Tromp,Alanna,Mrs.95,Gutkowski,Mireya,Miss96,Lakin,Delmer,Ms.97,Boyle,Jena,Ms.98,Fahey,Kristopher,Mrs.99,Reinger,Lelah,Mr.100,Shields,Aletha,Mrs.101,Sporer,Kaylin,Miss102,Dickinson,Herbert,Ms.103,Powlowski,Arnulfo,Ms.104,Tromp,Alanna,Mrs.105,Gutkowski,Mireya,Miss106,Lakin,Delmer,Ms.107,Boyle,Jena,Ms.108,Fahey,Kristopher,Mrs.109,Reinger,Lelah,Mr.110,Shields,Aletha,Mrs.111,Sporer,Kaylin,Miss112,Dickinson,Herbert,Ms.113,Powlowski,Arnulfo,Ms.114,Tromp,Alanna,Mrs.115,Gutkowski,Mireya,Miss116,Lakin,Delmer,Ms.117,Boyle,Jena,Ms.118,Fahey,Kristopher,Mrs.119,Reinger,Lelah,Mr.120,Shields,Aletha,Mrs.121,Sporer,Kaylin,Miss122,Dickinson,Herbert,Ms.123,Powlowski,Arnulfo,Ms.124,Tromp,Alanna,Mrs.125,Gutkowski,Mireya,Miss126,Lakin,Delmer,Ms.127,Boyle,Jena,Ms.128,Fahey,Kristopher,Mrs.129,Reinger,Lelah,Mr.130,Shields,Aletha,Mrs.131,Sporer,Kaylin,Miss132,Dickinson,Herbert,Ms.133,Powlowski,Arnulfo,Ms.134,Tromp,Alanna,Mrs.135,Gutkowski,Mireya,Miss136,Lakin,Delmer,Ms.137,Boyle,Jena,Ms.138,Fahey,Kristopher,Mrs.139,Reinger,Lelah,Mr.140,Shields,Aletha,Mrs.141,Sporer,Kaylin,Miss142,Dickinson,Herbert,Ms.143,Powlowski,Arnulfo,Ms.144,Tromp,Alanna,Mrs.145,Gutkowski,Mireya,Miss146,Lakin,Delmer,Ms.147,Boyle,Jena,Ms.148,Fahey,Kristopher,Mrs.149,Reinger,Lelah,Mr.150,Shields,Aletha,Mrs.151,Sporer,Kaylin,Miss152,Dickinson,Herbert,Ms.153,Powlowski,Arnulfo,Ms.154,Tromp,Alanna,Mrs.155,Gutkowski,Mireya,Miss156,Lakin,Delmer,Ms.157,Boyle,Jena,Ms.158,Fahey,Kristopher,Mrs.159,Reinger,Lelah,Mr.160,Shields,Aletha,Mrs.161,Sporer,Kaylin,Miss162,Dickinson,Herbert,Ms.163,Powlowski,Arnulfo,Ms.164,Tromp,Alanna,Mrs.165,Gutkowski,Mireya,Miss166,Lakin,Delmer,Ms.167,Boyle,Jena,Ms.168,Fahey,Kristopher,Mrs.169,Reinger,Lelah,Mr.170,Shields,Aletha,Mrs.171,Sporer,Kaylin,Miss172,Dickinson,Herbert,Ms.173,Powlowski,Arnulfo,Ms.174,Tromp,Alanna,Mrs.175,Gutkowski,Mireya,Miss176,Lakin,Delmer,Ms.177,Boyle,Jena,Ms.178,Fahey,Kristopher,Mrs.179,Reinger,Lelah,Mr.180,Shields,Aletha,Mrs.181,Sporer,Kaylin,Miss182,Dickinson,Herbert,Ms.183,Powlowski,Arnulfo,Ms.184,Tromp,Alanna,Mrs.185,Gutkowski,Mireya,Miss186,Lakin,Delmer,Ms.187,Boyle,Jena,Ms.188,Fahey,Kristopher,Mrs.189,Reinger,Lelah,Mr.190,Shields,Aletha,Mrs.191,Sporer,Kaylin,Miss192,Dickinson,Herbert,Ms.193,Powlowski,Arnulfo,Ms.194,Tromp,Alanna,Mrs.195,Gutkowski,Mireya,Miss196,Lakin,Delmer,Ms.197,Boyle,Jena,Ms.198,Fahey,Kristopher,Mrs.199,Reinger,Lelah,Mr.200,Shields,Aletha,Mrs.201,Sporer,Kaylin,Miss202,Dickinson,Herbert,Ms.203,Powlowski,Arnulfo,Ms.204,Tromp,Alanna,Mrs.205,Gutkowski,Mireya,Miss206,Lakin,Delmer,Ms.207,Boyle,Jena,Ms.208,Fahey,Kristopher,Mrs.209,Reinger,Lelah,Mr.210,Shields,Aletha,Mrs.