Number,f,i,o
123,Sporer,Kaylin,Miss
234,Dickinson,Herbert,Ms.
345,Powlowski,Arnulfo,Ms.
839,Tromp,Alanna,Mrs.
934,Gutkowski,Mireya,Miss
999,Lakin,Delmer,Ms.
927,Boyle,Jena,Ms.
031,Fahey,Kristopher,Mrs.
302,Reinger,Lelah,Mr.
354,Shields,Aletha,Mrs.