id,Number,f,i,o1,123,Sporer,Kaylin,Miss2,234,Dickinson,Herbert,Ms.3,345,Powlowski,Arnulfo,Ms.4,839,Tromp,Alanna,Mrs.5,934,Gutkowski,Mireya,Miss6,999,Lakin,Delmer,Ms.7,927,Boyle,Jena,Ms.8,31,Fahey,Kristopher,Mrs.9,302,Reinger,Lelah,Mr.10,354,Shields,Aletha,Mrs.11,123,Sporer,Kaylin,Miss12,234,Dickinson,Herbert,Ms.13,345,Powlowski,Arnulfo,Ms.14,839,Tromp,Alanna,Mrs.15,934,Gutkowski,Mireya,Miss16,999,Lakin,Delmer,Ms.17,927,Boyle,Jena,Ms.18,31,Fahey,Kristopher,Mrs.19,302,Reinger,Lelah,Mr.20,354,Shields,Aletha,Mrs.21,123,Sporer,Kaylin,Miss22,234,Dickinson,Herbert,Ms.23,345,Powlowski,Arnulfo,Ms.24,839,Tromp,Alanna,Mrs.25,934,Gutkowski,Mireya,Miss26,999,Lakin,Delmer,Ms.27,927,Boyle,Jena,Ms.28,31,Fahey,Kristopher,Mrs.29,302,Reinger,Lelah,Mr.30,354,Shields,Aletha,Mrs.31,123,Sporer,Kaylin,Miss32,234,Dickinson,Herbert,Ms.33,345,Powlowski,Arnulfo,Ms.34,839,Tromp,Alanna,Mrs.35,934,Gutkowski,Mireya,Miss36,999,Lakin,Delmer,Ms.37,927,Boyle,Jena,Ms.38,31,Fahey,Kristopher,Mrs.39,302,Reinger,Lelah,Mr.40,354,Shields,Aletha,Mrs.41,123,Sporer,Kaylin,Miss42,234,Dickinson,Herbert,Ms.43,345,Powlowski,Arnulfo,Ms.44,839,Tromp,Alanna,Mrs.45,934,Gutkowski,Mireya,Miss46,999,Lakin,Delmer,Ms.47,927,Boyle,Jena,Ms.48,31,Fahey,Kristopher,Mrs.49,302,Reinger,Lelah,Mr.50,354,Shields,Aletha,Mrs.51,123,Sporer,Kaylin,Miss52,234,Dickinson,Herbert,Ms.53,345,Powlowski,Arnulfo,Ms.54,839,Tromp,Alanna,Mrs.55,934,Gutkowski,Mireya,Miss56,999,Lakin,Delmer,Ms.57,927,Boyle,Jena,Ms.58,31,Fahey,Kristopher,Mrs.59,302,Reinger,Lelah,Mr.60,354,Shields,Aletha,Mrs.61,123,Sporer,Kaylin,Miss62,234,Dickinson,Herbert,Ms.63,345,Powlowski,Arnulfo,Ms.64,839,Tromp,Alanna,Mrs.65,934,Gutkowski,Mireya,Miss66,999,Lakin,Delmer,Ms.67,927,Boyle,Jena,Ms.68,31,Fahey,Kristopher,Mrs.69,302,Reinger,Lelah,Mr.70,354,Shields,Aletha,Mrs.71,123,Sporer,Kaylin,Miss72,234,Dickinson,Herbert,Ms.73,345,Powlowski,Arnulfo,Ms.74,839,Tromp,Alanna,Mrs.75,934,Gutkowski,Mireya,Miss76,999,Lakin,Delmer,Ms.77,927,Boyle,Jena,Ms.78,31,Fahey,Kristopher,Mrs.79,302,Reinger,Lelah,Mr.80,354,Shields,Aletha,Mrs.81,123,Sporer,Kaylin,Miss82,234,Dickinson,Herbert,Ms.83,345,Powlowski,Arnulfo,Ms.84,839,Tromp,Alanna,Mrs.85,934,Gutkowski,Mireya,Miss86,999,Lakin,Delmer,Ms.87,927,Boyle,Jena,Ms.88,31,Fahey,Kristopher,Mrs.89,302,Reinger,Lelah,Mr.90,354,Shields,Aletha,Mrs.91,123,Sporer,Kaylin,Miss92,234,Dickinson,Herbert,Ms.93,345,Powlowski,Arnulfo,Ms.94,839,Tromp,Alanna,Mrs.95,934,Gutkowski,Mireya,Miss96,999,Lakin,Delmer,Ms.97,927,Boyle,Jena,Ms.98,31,Fahey,Kristopher,Mrs.99,302,Reinger,Lelah,Mr.100,354,Shields,Aletha,Mrs.101,123,Sporer,Kaylin,Miss102,234,Dickinson,Herbert,Ms.103,345,Powlowski,Arnulfo,Ms.104,839,Tromp,Alanna,Mrs.105,934,Gutkowski,Mireya,Miss106,999,Lakin,Delmer,Ms.107,927,Boyle,Jena,Ms.108,31,Fahey,Kristopher,Mrs.109,302,Reinger,Lelah,Mr.110,354,Shields,Aletha,Mrs.111,123,Sporer,Kaylin,Miss112,234,Dickinson,Herbert,Ms.113,345,Powlowski,Arnulfo,Ms.114,839,Tromp,Alanna,Mrs.115,934,Gutkowski,Mireya,Miss116,999,Lakin,Delmer,Ms.117,927,Boyle,Jena,Ms.118,31,Fahey,Kristopher,Mrs.119,302,Reinger,Lelah,Mr.120,354,Shields,Aletha,Mrs.121,123,Sporer,Kaylin,Miss122,234,Dickinson,Herbert,Ms.123,345,Powlowski,Arnulfo,Ms.124,839,Tromp,Alanna,Mrs.125,934,Gutkowski,Mireya,Miss126,999,Lakin,Delmer,Ms.127,927,Boyle,Jena,Ms.128,31,Fahey,Kristopher,Mrs.129,302,Reinger,Lelah,Mr.130,354,Shields,Aletha,Mrs.131,123,Sporer,Kaylin,Miss132,234,Dickinson,Herbert,Ms.133,345,Powlowski,Arnulfo,Ms.134,839,Tromp,Alanna,Mrs.135,934,Gutkowski,Mireya,Miss136,999,Lakin,Delmer,Ms.137,927,Boyle,Jena,Ms.138,31,Fahey,Kristopher,Mrs.139,302,Reinger,Lelah,Mr.140,354,Shields,Aletha,Mrs.141,123,Sporer,Kaylin,Miss142,234,Dickinson,Herbert,Ms.143,345,Powlowski,Arnulfo,Ms.144,839,Tromp,Alanna,Mrs.145,934,Gutkowski,Mireya,Miss146,999,Lakin,Delmer,Ms.147,927,Boyle,Jena,Ms.148,31,Fahey,Kristopher,Mrs.149,302,Reinger,Lelah,Mr.150,354,Shields,Aletha,Mrs.151,123,Sporer,Kaylin,Miss152,234,Dickinson,Herbert,Ms.153,345,Powlowski,Arnulfo,Ms.154,839,Tromp,Alanna,Mrs.155,934,Gutkowski,Mireya,Miss156,999,Lakin,Delmer,Ms.157,927,Boyle,Jena,Ms.158,31,Fahey,Kristopher,Mrs.159,302,Reinger,Lelah,Mr.160,354,Shields,Aletha,Mrs.161,123,Sporer,Kaylin,Miss162,234,Dickinson,Herbert,Ms.163,345,Powlowski,Arnulfo,Ms.164,839,Tromp,Alanna,Mrs.165,934,Gutkowski,Mireya,Miss166,999,Lakin,Delmer,Ms.167,927,Boyle,Jena,Ms.168,31,Fahey,Kristopher,Mrs.169,302,Reinger,Lelah,Mr.170,354,Shields,Aletha,Mrs.171,123,Sporer,Kaylin,Miss172,234,Dickinson,Herbert,Ms.173,345,Powlowski,Arnulfo,Ms.174,839,Tromp,Alanna,Mrs.175,934,Gutkowski,Mireya,Miss176,999,Lakin,Delmer,Ms.177,927,Boyle,Jena,Ms.178,31,Fahey,Kristopher,Mrs.179,302,Reinger,Lelah,Mr.180,354,Shields,Aletha,Mrs.181,123,Sporer,Kaylin,Miss182,234,Dickinson,Herbert,Ms.183,345,Powlowski,Arnulfo,Ms.184,839,Tromp,Alanna,Mrs.185,934,Gutkowski,Mireya,Miss186,999,Lakin,Delmer,Ms.187,927,Boyle,Jena,Ms.188,31,Fahey,Kristopher,Mrs.189,302,Reinger,Lelah,Mr.190,354,Shields,Aletha,Mrs.191,123,Sporer,Kaylin,Miss192,234,Dickinson,Herbert,Ms.193,345,Powlowski,Arnulfo,Ms.194,839,Tromp,Alanna,Mrs.195,934,Gutkowski,Mireya,Miss196,999,Lakin,Delmer,Ms.197,927,Boyle,Jena,Ms.198,31,Fahey,Kristopher,Mrs.199,302,Reinger,Lelah,Mr.200,354,Shields,Aletha,Mrs.201,123,Sporer,Kaylin,Miss202,234,Dickinson,Herbert,Ms.203,345,Powlowski,Arnulfo,Ms.204,839,Tromp,Alanna,Mrs.205,934,Gutkowski,Mireya,Miss206,999,Lakin,Delmer,Ms.207,927,Boyle,Jena,Ms.208,31,Fahey,Kristopher,Mrs.209,302,Reinger,Lelah,Mr.210,354,Shields,Aletha,Mrs.